{"version": 2, "width": 75, "height": 41, "timestamp": 1544172994, "env": {"SHELL": "/bin/zsh", "TERM": "xterm-256color"}}
[1.533334, "o", "\u001b]1337;RemoteHost=marfie@marfies-mac.local\u0007\u001b]1337;CurrentDir=/Users/marfie/Projects/privat/mono/projects/typescript\u0007\u001b]1337;ShellIntegrationVersion=6;shell=zsh\u0007"]
[2.11861, "o", "\u001b[1m\u001b[7m%\u001b[27m\u001b[1m\u001b[0m                                                                          \r \r"]
[2.134802, "o", "\u001b]133;D;0\u0007\u001b]1337;RemoteHost=marfie@marfies-mac.local\u0007"]
[2.13511, "o", "\u001b]1337;CurrentDir=/Users/marfie/Projects/privat/mono/projects/typescript\u0007"]
[2.139164, "o", "\r\u001b[0m\u001b[27m\u001b[24m\u001b[J\u001b]133;A\u0007\u001b[34m~/P/p/m/p/typescript \u001b]133;B\u0007"]
[2.139391, "o", "\u001b[K"]
[2.139749, "o", "\u001b[?1h\u001b="]
[2.141777, "o", "\r\r\u001b[0m\u001b[27m\u001b[24m\u001b[J\u001b]133;A\u0007\u001b[34m~/P/p/m/p/typescript \u001b[1m\u001b[34m\u001b[31m❯\u001b[33m❯\u001b[32m❯\u001b[39m\u001b[0m \u001b]133;B\u0007\u001b[K"]
[2.143262, "o", "\u001b[?2004h"]
[2.231731, "o", "\r\r\u001b[0m\u001b[27m\u001b[24m\u001b[J\u001b]133;A\u0007\u001b[34m~/P/p/m/p/typescript \u001b[1m\u001b[34m\u001b[31m❯\u001b[33m❯\u001b[32m❯\u001b[39m\u001b[0m \u001b]133;B\u0007\u001b[K\u001b[39C\u001b[1m\u001b[32mmaster\u001b[39m\u001b[0m \u001b[1m\u001b[95m⬆\u001b[39m\u001b[0m \u001b[1m\u001b[37m◼\u001b[39m\u001b[0m\u001b[49D"]
[2.573109, "o", "\u001b[4my\u001b[24m"]
[2.660127, "o", "\b\u001b[4my\u001b[4ma\u001b[24m"]
[2.994557, "o", "\b\b\u001b[4my\u001b[4ma\u001b[4mr\u001b[24m"]
[3.115891, "o", "\b\b\b\u001b[24m\u001b[32my\u001b[24m\u001b[32ma\u001b[24m\u001b[32mr\u001b[32mn\u001b[39m"]
[3.317463, "o", " "]
[3.414028, "o", "b"]
[3.576726, "o", "u"]
[3.746022, "o", "i"]
[3.929446, "o", "l"]
[4.015105, "o", "d"]
[4.495529, "o", "\u001b[?1l\u001b>"]
[4.497822, "o", "\u001b[?2004l\r\r\u001b[0m\u001b[27m\u001b[24m\u001b[J\u001b]133;A\u0007\u001b[34m~/P/p/m/p/typescript \u001b[1m\u001b[34m\u001b[31m❯\u001b[33m❯\u001b[32m❯\u001b[39m\u001b[0m \u001b]133;B\u0007\u001b[32myarn\u001b[39m build\u001b[K\u001b[29C\u001b[1m\u001b[32mmaster\u001b[39m\u001b[0m \u001b[1m\u001b[95m⬆\u001b[39m\u001b[0m \u001b[1m\u001b[37m◼\u001b[39m\u001b[0m\u001b[39D"]
[4.503981, "o", "\r\r\n"]
[4.507279, "o", "\u001b]133;C;\u0007"]
[4.806876, "o", "\u001b[2K"]
[4.80775, "o", "\u001b[1G"]
[4.807971, "o", "\u001b[1myarn run v1.12.3\u001b[22m\r\n"]
[4.879262, "o", "\u001b[2K\u001b[1G"]
[4.879484, "o", "\u001b[2m$ tsc --build\u001b[22m\r\n"]
[5.212594, "o", "\u001b[2K"]
[5.212854, "o", "\u001b[1G✨  Done in 0.42s.\r\n"]
[5.224288, "o", "\u001b[1m\u001b[7m%\u001b[27m\u001b[1m\u001b[0m                                                                          \r \r"]
[5.235648, "o", "\u001b]133;D;0\u0007\u001b]1337;RemoteHost=marfie@marfies-mac.local\u0007"]
[5.235905, "o", "\u001b]1337;CurrentDir=/Users/marfie/Projects/privat/mono/projects/typescript\u0007"]
[5.240766, "o", "\r\u001b[0m\u001b[27m\u001b[24m\u001b[J\u001b]133;A\u0007\u001b[34m~/P/p/m/p/typescript \u001b[1m\u001b[34m\u001b[31m❯\u001b[33m❯\u001b[32m❯\u001b[39m\u001b[0m \u001b]133;B\u0007\u001b[K\u001b[39C\u001b[1m\u001b[32mmaster\u001b[39m\u001b[0m \u001b[1m\u001b[95m⬆\u001b[39m\u001b[0m \u001b[1m\u001b[37m◼\u001b[39m\u001b[0m\u001b[49D"]
[5.241077, "o", "\u001b[?1h\u001b="]
[5.243953, "o", "\r\r\u001b[0m\u001b[27m\u001b[24m\u001b[J\u001b]133;A\u0007\u001b[34m~/P/p/m/p/typescript \u001b[1m\u001b[34m\u001b[31m❯\u001b[33m❯\u001b[32m❯\u001b[39m\u001b[0m \u001b]133;B\u0007\u001b[K\u001b[39C\u001b[1m\u001b[32mmaster\u001b[39m\u001b[0m \u001b[1m\u001b[95m⬆\u001b[39m\u001b[0m \u001b[1m\u001b[37m◼\u001b[39m\u001b[0m\u001b[49D"]
[5.246192, "o", "\u001b[?2004h"]
[5.328735, "o", "\r\r\u001b[0m\u001b[27m\u001b[24m\u001b[J\u001b]133;A\u0007\u001b[34m~/P/p/m/p/typescript \u001b[1m\u001b[34m\u001b[31m❯\u001b[33m❯\u001b[32m❯\u001b[39m\u001b[0m \u001b]133;B\u0007\u001b[K\u001b[39C\u001b[1m\u001b[32mmaster\u001b[39m\u001b[0m \u001b[1m\u001b[95m⬆\u001b[39m\u001b[0m \u001b[1m\u001b[37m◼\u001b[39m\u001b[0m\u001b[49D"]
[6.031313, "o", "\u001b[4my\u001b[24m"]
[6.115014, "o", "\b\u001b[4my\u001b[4ma\u001b[24m"]
[6.355848, "o", "\b\b\u001b[4my\u001b[4ma\u001b[4mr\u001b[24m"]
[6.486559, "o", "\b\b\b\u001b[24m\u001b[32my\u001b[24m\u001b[32ma\u001b[24m\u001b[32mr\u001b[32mn\u001b[39m"]
[6.620354, "o", " "]
[6.727975, "o", "\u001b[4ms\u001b[24m"]
[6.880118, "o", "\b\u001b[24mst"]
[6.971082, "o", "a"]
[7.057251, "o", "r"]
[7.205647, "o", "t"]
[7.772915, "o", "\u001b[?1l\u001b>"]
[7.775479, "o", "\u001b[?2004l\r\r\u001b[0m\u001b[27m\u001b[24m\u001b[J\u001b]133;A\u0007\u001b[34m~/P/p/m/p/typescript \u001b[1m\u001b[34m\u001b[31m❯\u001b[33m❯\u001b[32m❯\u001b[39m\u001b[0m \u001b]133;B\u0007\u001b[32myarn\u001b[39m start\u001b[K\u001b[29C\u001b[1m\u001b[32mmaster\u001b[39m\u001b[0m \u001b[1m\u001b[95m⬆\u001b[39m\u001b[0m \u001b[1m\u001b[37m◼\u001b[39m\u001b[0m\u001b[39D"]
[7.783996, "o", "\r\r\n"]
[7.785394, "o", "\u001b]133;C;\u0007"]
[8.080117, "o", "\u001b[2K"]
[8.081154, "o", "\u001b[1G"]
[8.081385, "o", "\u001b[1myarn run v1.12.3\u001b[22m\r\n"]
[8.143904, "o", "\u001b[2K\u001b[1G"]
[8.144126, "o", "\u001b[2m$ node dist/src/app/index.js\u001b[22m\r\n"]
[8.248812, "o", "Hello, Everyone\r\n"]
[8.255588, "o", "\u001b[2K"]
[8.255803, "o", "\u001b[1G✨  Done in 0.18s.\r\n"]
[8.264131, "o", "\u001b[1m\u001b[7m%\u001b[27m\u001b[1m\u001b[0m                                                                          \r \r"]
[8.275635, "o", "\u001b]133;D;0\u0007\u001b]1337;RemoteHost=marfie@marfies-mac.local\u0007"]
[8.276064, "o", "\u001b]1337;CurrentDir=/Users/marfie/Projects/privat/mono/projects/typescript\u0007"]
[8.282469, "o", "\r\u001b[0m\u001b[27m\u001b[24m\u001b[J\u001b]133;A\u0007\u001b[34m~/P/p/m/p/typescript \u001b[1m\u001b[34m\u001b[31m❯\u001b[33m❯\u001b[32m❯\u001b[39m\u001b[0m \u001b]133;B\u0007\u001b[K\u001b[39C\u001b[1m\u001b[32mmaster\u001b[39m\u001b[0m \u001b[1m\u001b[95m⬆\u001b[39m\u001b[0m \u001b[1m\u001b[37m◼\u001b[39m\u001b[0m\u001b[49D"]
[8.28345, "o", "\u001b[?1h\u001b="]
[8.284236, "o", "\r\r\u001b[0m\u001b[27m\u001b[24m\u001b[J\u001b]133;A\u0007\u001b[34m~/P/p/m/p/typescript \u001b[1m\u001b[34m\u001b[31m❯\u001b[33m❯\u001b[32m❯\u001b[39m\u001b[0m \u001b]133;B\u0007\u001b[K\u001b[39C\u001b[1m\u001b[32mmaster\u001b[39m\u001b[0m \u001b[1m\u001b[95m⬆\u001b[39m\u001b[0m \u001b[1m\u001b[37m◼\u001b[39m\u001b[0m\u001b[49D"]
[8.285948, "o", "\u001b[?2004h"]
[8.372217, "o", "\r\r\u001b[0m\u001b[27m\u001b[24m\u001b[J\u001b]133;A\u0007\u001b[34m~/P/p/m/p/typescript \u001b[1m\u001b[34m\u001b[31m❯\u001b[33m❯\u001b[32m❯\u001b[39m\u001b[0m \u001b]133;B\u0007\u001b[K\u001b[39C\u001b[1m\u001b[32mmaster\u001b[39m\u001b[0m \u001b[1m\u001b[95m⬆\u001b[39m\u001b[0m \u001b[1m\u001b[37m◼\u001b[39m\u001b[0m\u001b[49D"]
[9.569696, "o", "\u001b[?2004l\r\r\n"]
