{"version": 2, "width": 90, "height": 41, "timestamp": 1544173183, "env": {"SHELL": "/bin/zsh", "TERM": "xterm-256color"}}
[1.224113, "o", "\u001b]1337;RemoteHost=marfie@marfies-mac.local\u0007\u001b]1337;CurrentDir=/Users/marfie/Projects/privat/mono/projects/lerna\u0007\u001b]1337;ShellIntegrationVersion=6;shell=zsh\u0007"]
[1.806059, "o", "\u001b[1m\u001b[7m%\u001b[27m\u001b[1m\u001b[0m                                                                                         \r \r"]
[1.824529, "o", "\u001b]133;D;0\u0007\u001b]1337;RemoteHost=marfie@marfies-mac.local\u0007\u001b]1337;CurrentDir=/Users/marfie/Projects/privat/mono/projects/lerna\u0007"]
[1.829752, "o", "\r\u001b[0m\u001b[27m\u001b[24m\u001b[J\u001b]133;A\u0007\u001b[34m~/P/p/m/p/lerna \u001b]133;B\u0007\u001b[K"]
[1.83006, "o", "\u001b[?1h\u001b="]
[1.831593, "o", "\r\r\u001b[0m\u001b[27m\u001b[24m\u001b[J\u001b]133;A\u0007\u001b[34m~/P/p/m/p/lerna \u001b[1m\u001b[34m\u001b[31m❯\u001b[33m❯\u001b[32m❯\u001b[39m\u001b[0m \u001b]133;B\u0007\u001b[K"]
[1.833119, "o", "\u001b[?2004h"]
[1.924529, "o", "\r\r\u001b[0m\u001b[27m\u001b[24m\u001b[J\u001b]133;A\u0007\u001b[34m~/P/p/m/p/lerna \u001b[1m\u001b[34m\u001b[31m❯\u001b[33m❯\u001b[32m❯\u001b[39m\u001b[0m \u001b]133;B\u0007\u001b[K\u001b[59C\u001b[1m\u001b[32mmaster\u001b[39m\u001b[0m \u001b[1m\u001b[95m⬆\u001b[39m\u001b[0m \u001b[1m\u001b[37m◼\u001b[39m\u001b[0m\u001b[69D"]
[2.317307, "o", "\u001b[4my\u001b[24m"]
[2.389497, "o", "\b\u001b[4my\u001b[4ma\u001b[24m"]
[2.736758, "o", "\b\b\u001b[4my\u001b[4ma\u001b[4mr\u001b[24m"]
[2.896525, "o", "\b\b\b\u001b[24m\u001b[32my\u001b[24m\u001b[32ma\u001b[24m\u001b[32mr\u001b[32mn\u001b[39m"]
[3.089291, "o", " "]
[3.165196, "o", "b"]
[3.376322, "o", "u"]
[3.548209, "o", "i"]
[3.722236, "o", "l"]
[3.789335, "o", "d"]
[4.24619, "o", "\u001b[?1l\u001b>"]
[4.24851, "o", "\u001b[?2004l\r\r\u001b[0m\u001b[27m\u001b[24m\u001b[J\u001b]133;A\u0007\u001b[34m~/P/p/m/p/lerna \u001b[1m\u001b[34m\u001b[31m❯\u001b[33m❯\u001b[32m❯\u001b[39m\u001b[0m \u001b]133;B\u0007\u001b[32myarn\u001b[39m build\u001b[K\u001b[49C\u001b[1m\u001b[32mmaster\u001b[39m\u001b[0m \u001b[1m\u001b[95m⬆\u001b[39m\u001b[0m \u001b[1m\u001b[37m◼\u001b[39m\u001b[0m\u001b[59D"]
[4.254182, "o", "\r\r\n"]
[4.258824, "o", "\u001b]133;C;\u0007"]
[4.561135, "o", "\u001b[2K"]
[4.562087, "o", "\u001b[1G"]
[4.562287, "o", "\u001b[1myarn run v1.12.3\u001b[22m\r\n"]
[4.622047, "o", "\u001b[2K\u001b[1G"]
[4.622207, "o", "\u001b[2m$ lerna run build\u001b[22m\r\n"]
[5.357681, "o", "\u001b[37;40mlerna\u001b[0m"]
[5.35867, "o", " \u001b[0m"]
[5.358978, "o", "\u001b[34;40mnotice\u001b[0m \u001b[0m\u001b[35mcli\u001b[0m v3.5.1\r\n\u001b[0m"]
[5.36446, "o", "\u001b[37;40mlerna\u001b[0m \u001b[0m"]
[5.364632, "o", "\u001b[32minfo\u001b[0m \u001b[0m\u001b[35mversioning\u001b[0m independent\r\n\u001b[0m"]
[5.407414, "o", "\u001b[37;40mlerna\u001b[0m \u001b[0m"]
[5.407635, "o", "\u001b[32minfo\u001b[0m\u001b[35m\u001b[0m Executing command in 2 packages: \"npm run build\"\r\n\u001b[0m"]
[7.564589, "o", "\u001b[37;40mlerna\u001b[0m \u001b[0m"]
[7.564824, "o", "\u001b[32minfo\u001b[0m \u001b[0m\u001b[35mrun\u001b[0m Ran npm script 'build' in '@lerna/utils' in 2.2s:\r\n\u001b[0m"]
[7.565663, "o", "\r\n> @lerna/utils@1.0.0 build /Users/marfie/Projects/privat/mono/projects/lerna/packages/utils\r\n> rm -fr dist && tsc -p tsconfig.json\r\n\r\n"]
[9.71082, "o", "\u001b[37;40mlerna\u001b[0m \u001b[0m\u001b[32minfo\u001b[0m \u001b[0m"]
[9.710995, "o", "\u001b[35mrun\u001b[0m Ran npm script 'build' in '@lerna/app' in 2.1s:\r\n\u001b[0m"]
[9.711037, "o", "\r\n> @lerna/app@1.0.0 build /Users/marfie/Projects/privat/mono/projects/lerna/packages/app\r\n> rm -fr dist && tsc -p tsconfig.json\r\n\r\n"]
[9.71214, "o", "\u001b[37;40mlerna\u001b[0m \u001b[0m\u001b[32;1msuccess\u001b[0m \u001b[0m\u001b[35mrun\u001b[0m"]
[9.71242, "o", " Ran npm script 'build' in 2 packages in 4.3s:\r\n\u001b[0m\u001b[37;40mlerna\u001b[0m \u001b[0m"]
[9.712701, "o", "\u001b[32;1msuccess\u001b[0m\u001b[35m\u001b[0m - @lerna/app\r\n\u001b[0m\u001b[37;40mlerna\u001b[0m \u001b[0m\u001b[32;1msuccess\u001b[0m\u001b[35m\u001b[0m"]
[9.712839, "o", " - @lerna/utils\r\n\u001b[0m"]
[9.721639, "o", "\u001b[2K"]
[9.721856, "o", "\u001b[1G✨  Done in 5.17s.\r\n"]
[9.732654, "o", "\u001b[1m\u001b[7m%\u001b[27m\u001b[1m\u001b[0m                                                                                         \r \r"]
[9.744179, "o", "\u001b]133;D;0\u0007\u001b]1337;RemoteHost=marfie@marfies-mac.local\u0007\u001b]1337;CurrentDir=/Users/marfie/Projects/privat/mono/projects/lerna\u0007"]
[9.750566, "o", "\r\u001b[0m\u001b[27m\u001b[24m\u001b[J\u001b]133;A\u0007\u001b[34m~/P/p/m/p/lerna \u001b[1m\u001b[34m\u001b[31m❯\u001b[33m❯\u001b[32m❯\u001b[39m\u001b[0m \u001b]133;B\u0007\u001b[K\u001b[59C\u001b[1m\u001b[32mmaster\u001b[39m\u001b[0m \u001b[1m\u001b[95m⬆\u001b[39m\u001b[0m \u001b[1m\u001b[37m◼\u001b[39m\u001b[0m\u001b[69D"]
[9.750789, "o", "\u001b[?1h\u001b="]
[9.752013, "o", "\r\r\u001b[0m\u001b[27m\u001b[24m\u001b[J\u001b]133;A\u0007\u001b[34m~/P/p/m/p/lerna \u001b[1m\u001b[34m\u001b[31m❯\u001b[33m❯\u001b[32m❯\u001b[39m\u001b[0m \u001b]133;B\u0007\u001b[K\u001b[59C\u001b[1m\u001b[32mmaster\u001b[39m\u001b[0m \u001b[1m\u001b[95m⬆\u001b[39m\u001b[0m \u001b[1m\u001b[37m◼\u001b[39m\u001b[0m\u001b[69D"]
[9.753593, "o", "\u001b[?2004h"]
[9.852857, "o", "\r\r\u001b[0m\u001b[27m\u001b[24m\u001b[J\u001b]133;A\u0007\u001b[34m~/P/p/m/p/lerna \u001b[1m\u001b[34m\u001b[31m❯\u001b[33m❯\u001b[32m❯\u001b[39m\u001b[0m \u001b]133;B\u0007\u001b[K\u001b[59C\u001b[1m\u001b[32mmaster\u001b[39m\u001b[0m \u001b[1m\u001b[95m⬆\u001b[39m\u001b[0m \u001b[1m\u001b[37m◼\u001b[39m\u001b[0m\u001b[69D"]
[10.414316, "o", "\u001b[4my\u001b[24m"]
[10.481577, "o", "\b\u001b[4my\u001b[4ma\u001b[24m"]
[10.781884, "o", "\b\b\u001b[4my\u001b[4ma\u001b[4mr\u001b[24m"]
[10.943524, "o", "\b\b\b\u001b[24m\u001b[32my\u001b[24m\u001b[32ma\u001b[24m\u001b[32mr\u001b[32mn\u001b[39m"]
[11.066079, "o", " "]
[11.159131, "o", "s"]
[11.323142, "o", "t"]
[11.437358, "o", "a"]
[11.520787, "o", "r"]
[11.663222, "o", "t"]
[12.286696, "o", "\u001b[?1l\u001b>"]
[12.28886, "o", "\u001b[?2004l\r\r\u001b[0m\u001b[27m\u001b[24m\u001b[J\u001b]133;A\u0007\u001b[34m~/P/p/m/p/lerna \u001b[1m\u001b[34m\u001b[31m❯\u001b[33m❯\u001b[32m❯\u001b[39m\u001b[0m \u001b]133;B\u0007\u001b[32myarn\u001b[39m start\u001b[K\u001b[49C\u001b[1m\u001b[32mmaster\u001b[39m\u001b[0m \u001b[1m\u001b[95m⬆\u001b[39m\u001b[0m \u001b[1m\u001b[37m◼\u001b[39m\u001b[0m\u001b[59D"]
[12.295294, "o", "\r\r\n"]
[12.296214, "o", "\u001b]133;C;\u0007"]
[12.576927, "o", "\u001b[2K"]
[12.577882, "o", "\u001b[1G"]
[12.578013, "o", "\u001b[1myarn run v1.12.3\u001b[22m\r\n"]
[12.636551, "o", "\u001b[2K\u001b[1G"]
[12.636756, "o", "\u001b[2m$ lerna run start\u001b[22m\r\n"]
[13.113297, "o", "\u001b[37;40mlerna\u001b[0m"]
[13.114337, "o", " \u001b[0m"]
[13.114598, "o", "\u001b[34;40mnotice\u001b[0m"]
[13.114921, "o", " \u001b[0m\u001b[35mcli\u001b[0m v3.5.1\r\n\u001b[0m"]
[13.118446, "o", "\u001b[37;40mlerna\u001b[0m \u001b[0m"]
[13.118675, "o", "\u001b[32minfo\u001b[0m \u001b[0m\u001b[35mversioning\u001b[0m independent\r\n\u001b[0m"]
[13.159218, "o", "\u001b[37;40mlerna\u001b[0m"]
[13.159555, "o", " \u001b[0m\u001b[32minfo\u001b[0m\u001b[35m\u001b[0m Executing command in 1 package: \"npm run start\"\r\n\u001b[0m"]
[13.598533, "o", "\u001b[37;40mlerna\u001b[0m"]
[13.599143, "o", " \u001b[0m\u001b[32minfo\u001b[0m \u001b[0m\u001b[35mrun\u001b[0m Ran npm script 'start' in '@lerna/app' in 0.4s:\r\n\u001b[0m"]
[13.599877, "o", "\r\n> @lerna/app@1.0.0 start /Users/marfie/Projects/privat/mono/projects/lerna/packages/app\r\n> node dist/index.js\r\n\r\nHello, Everyone\r\n"]
[13.60046, "o", "\u001b[37;40mlerna\u001b[0m"]
[13.600536, "o", " \u001b[0m"]
[13.600834, "o", "\u001b[32;1msuccess\u001b[0m \u001b[0m\u001b[35mrun\u001b[0m Ran npm script 'start' in 1 package in 0.4s:\r\n\u001b[0m"]
